campus,formNo,formDate,offerDate,feeDate
C1,FormNo1203,01-Jun-2019,11-Jun-2019,21-Jun-2019
C1,FormNo1204,01-Jun-2019,11-Jun-2019,21-Jun-2019
C1,FormNo1205,03-Jun-2019,13-Jun-2019,
C1,FormNo1206,04-Jun-2019,,
C1,FormNo1207,05-Jun-2019,,
C1,FormNo1208,06-Jun-2019,16-Jun-2019,26-Jun-2019
C1,FormNo1209,07-Jun-2019,17-Jun-2019,27-Jun-2019
C1,FormNo1210,08-Jun-2019,18-Jun-2019,28-Jun-2019
C2,FormNo1211,02-Jun-2019,12-Jun-2019,
C2,FormNo1212,02-Jun-2019,12-Jun-2019,
C2,FormNo1213,06-Jun-2019,16-Jun-2019,26-Jun-2019
C2,FormNo1214,07-Jun-2019,,
C2,FormNo1215,13-Jun-2019,,
C2,FormNo1216,14-Jun-2019,24-Jun-2019,04-Jul-2019
C3,FormNo1217,01-Jun-2019,11-Jun-2019,21-Jun-2019
C3,FormNo1218,02-Jun-2019,12-Jun-2019,
C3,FormNo1219,17-Jun-2019,,
C3,FormNo1220,18-Jun-2019,28-Jun-2019,08-Jul-2019